[
    {
        "city": "Mumbai",
        "admin": "Maharashtra",
        "country": "India",
        "population_proper": "12691836",
        "iso2": "IN",
        "capital": "admin",
        "lat": "18.987807",
        "lng": "72.836447",
        "population": "18978000"
    },
    {
        "city": "Delhi",
        "admin": "Delhi",
        "country": "India",
        "population_proper": "7633213",
        "iso2": "IN",
        "capital": "admin",
        "lat": "28.651952",
        "lng": "77.231495",
        "population": "15926000"
    },
    {
        "city": "Kolkata",
        "admin": "West Bengal",
        "country": "India",
        "population_proper": "4631392",
        "iso2": "IN",
        "capital": "admin",
        "lat": "22.562627",
        "lng": "88.363044",
        "population": "14787000"
    },
    {
        "city": "Chennai",
        "admin": "Tamil Nadu ",
        "country": "India",
        "population_proper": "4328063",
        "iso2": "IN",
        "capital": "admin",
        "lat": "13.084622",
        "lng": "80.248357",
        "population": "7163000"
    },
    {
        "city": "Bengaluru",
        "admin": "Karnataka",
        "country": "India",
        "population_proper": "5104047",
        "iso2": "IN",
        "capital": "admin",
        "lat": "12.977063",
        "lng": "77.587106",
        "population": "6787000"
    },
    {
        "city": "Hyderabad",
        "admin": "Andhra Pradesh",
        "country": "India",
        "population_proper": "3597816",
        "iso2": "IN",
        "capital": "admin",
        "lat": "17.384052",
        "lng": "78.456355",
        "population": "6376000"
    },
    {
        "city": "Ahmadabad",
        "admin": "Gujarat",
        "country": "India",
        "population_proper": "3719710",
        "iso2": "IN",
        "capital": "minor",
        "lat": "23.025793",
        "lng": "72.587265",
        "population": "5375000"
    },
    {
        "city": "Haora",
        "admin": "West Bengal",
        "country": "India",
        "population_proper": "1027672",
        "iso2": "IN",
        "capital": "",
        "lat": "22.576882",
        "lng": "88.318566",
        "population": "4841638"
    },
    {
        "city": "Pune",
        "admin": "Maharashtra",
        "country": "India",
        "population_proper": "2935744",
        "iso2": "IN",
        "capital": "",
        "lat": "18.513271",
        "lng": "73.849852",
        "population": "4672000"
    },
    {
        "city": "S\u016brat",
        "admin": "Gujarat",
        "country": "India",
        "population_proper": "2894504",
        "iso2": "IN",
        "capital": "",
        "lat": "21.195944",
        "lng": "72.830232",
        "population": "3842000"
    },
    {
        "city": "Mardanpur",
        "admin": "Uttar Pradesh",
        "country": "India",
        "population_proper": "2823249",
        "iso2": "IN",
        "capital": "",
        "lat": "26.430066",
        "lng": "80.267176",
        "population": "3162000"
    },
    {
        "city": "Rampura",
        "admin": "Rajasthan",
        "country": "India",
        "population_proper": "2711758",
        "iso2": "IN",
        "capital": "",
        "lat": "26.884682",
        "lng": "75.789336",
        "population": "2917000"
    },
    {
        "city": "Lucknow",
        "admin": "Uttar Pradesh",
        "country": "India",
        "population_proper": "2472011",
        "iso2": "IN",
        "capital": "admin",
        "lat": "26.839281",
        "lng": "80.923133",
        "population": "2695000"
    },
    {
        "city": "Nara",
        "admin": "Maharashtra",
        "country": "India",
        "population_proper": "2228018",
        "iso2": "IN",
        "capital": "",
        "lat": "21.203096",
        "lng": "79.089284",
        "population": "2454000"
    },
    {
        "city": "Patna",
        "admin": "Bihar",
        "country": "India",
        "population_proper": "1599920",
        "iso2": "IN",
        "capital": "admin",
        "lat": "25.615379",
        "lng": "85.101027",
        "population": "2158000"
    },
    {
        "city": "Indore",
        "admin": "Madhya Pradesh",
        "country": "India",
        "population_proper": "1837041",
        "iso2": "IN",
        "capital": "",
        "lat": "22.717736",
        "lng": "75.85859",
        "population": "2026000"
    },
    {
        "city": "Vadodara",
        "admin": "Gujarat",
        "country": "India",
        "population_proper": "1409476",
        "iso2": "IN",
        "capital": "",
        "lat": "22.299405",
        "lng": "73.208119",
        "population": "1756000"
    },
    {
        "city": "Bhopal",
        "admin": "Madhya Pradesh",
        "country": "India",
        "population_proper": "1599914",
        "iso2": "IN",
        "capital": "admin",
        "lat": "23.254688",
        "lng": "77.402892",
        "population": "1727000"
    },
    {
        "city": "Coimbatore",
        "admin": "Tamil Nadu ",
        "country": "India",
        "population_proper": "959823",
        "iso2": "IN",
        "capital": "",
        "lat": "11.005547",
        "lng": "76.966122",
        "population": "1696000"
    },
    {
        "city": "Ludhiana",
        "admin": "Punjab",
        "country": "India",
        "population_proper": "1545368",
        "iso2": "IN",
        "capital": "",
        "lat": "30.912042",
        "lng": "75.853789",
        "population": "1649000"
    },
    {
        "city": "\u0100gra",
        "admin": "Uttar Pradesh",
        "country": "India",
        "population_proper": "1430055",
        "iso2": "IN",
        "capital": "",
        "lat": "27.187935",
        "lng": "78.003944",
        "population": "1592000"
    },
    {
        "city": "Kalyan",
        "admin": "Maharashtra",
        "country": "India",
        "population_proper": "1576614",
        "iso2": "IN",
        "capital": "",
        "lat": "19.243703",
        "lng": "73.135537",
        "population": "1576614"
    },
    {
        "city": "Vishakhapatnam",
        "admin": "Andhra Pradesh",
        "country": "India",
        "population_proper": "1063178",
        "iso2": "IN",
        "capital": "",
        "lat": "17.704052",
        "lng": "83.297663",
        "population": "1529000"
    },
    {
        "city": "Kochi",
        "admin": "Kerala",
        "country": "India",
        "population_proper": "604696",
        "iso2": "IN",
        "capital": "",
        "lat": "9.947743",
        "lng": "76.253802",
        "population": "1519000"
    }
]
